platform,product_url,product_name,brand,price,mrp,discount_percent,product_rating,num_ratings,seller_name,review_text,review_rating
Amazon,https://www.amazon.in/iPhone-Pro-256-Promotion-Breakthrough/dp/B0FQG1LPVF/ref=sr_1_1,"iPhone 17 Pro 256 GB: 15.93 cm (6.3‚Ä≥) Display with Promotion up to 120Hz, A19 Pro Chip, Breakthrough Battery Life, Pro Fusion Camera System with Center Stage Front Camera; Cosmic Orange",iPhone,,,,,-16,Clicktech Retail Private Ltd,"Best Service and Specially in Tranding Agent is helping me to complete the process.
Thanks Amazon.",
Amazon,https://www.amazon.in/iPhone-Pro-512-Promotion-Breakthrough/dp/B0FQFQF6D1/ref=sr_1_3,"iPhone 17 Pro 512 GB: 15.93 cm (6.3‚Ä≥) Display with Promotion up to 120Hz, A19 Pro Chip, Breakthrough Battery Life, Pro Fusion Camera System with Center Stage Front Camera; Cosmic Orange",iPhone,,,,,-7,Clicktech Retail Private Ltd,"Phone qualities very good perfect in size it's feel like so handy in your hands , processor is fast and good response and camewise it the best, battery backup is also best and the cermic orange gives a perfect vibe",
Amazon,https://www.amazon.in/iPhone-Pro-Max-256-Promotion/dp/B0FQFW4MVJ/ref=sr_1_5,"iPhone 17 Pro Max 256 GB: 17.42 cm (6.9‚Ä≥) Display with Promotion, A19 Pro Chip, Best Battery Life in Any iPhone Ever, Pro Fusion Camera System, Center Stage Front Camera; Silver",iPhone,,,,,-12,Clicktech Retail Private Ltd,Awesome,
Amazon,https://www.amazon.in/Apple-iPhone-15-128-GB/dp/B0CHX1W1XY/ref=sr_1_8,Apple iPhone 15 (128 GB) - Black,Apple,,,,,"-9,333",Clicktech Retail Private Ltd,,
Amazon,https://www.amazon.in/iPhone-16e-128-Intelligence-Supersized/dp/B0DXQH1DBS/ref=sr_1_4,"iPhone 16e 128 GB: Built for Apple Intelligence, A18 Chip, Supersized Battery Life, 48MP Fusion. Camera, 15.40 cm (6.1‚Ä≥) Super Retina XDR Display; Black",iPhone,,,,,-928,Clicktech Retail Private Ltd,"I got this phone for my mother. With so many brands and models launching every few months, choosing a phone has become unnecessarily confusing, especially with features most people don‚Äôt even need. I just wanted a good, premium, long-lasting device ‚Äî and finally decided on the IPhone 16e.

For someone who mainly uses a phone for everyday communication and light social media, this is more than perfect. Phones nowadays have become too large to comfortably hold, but the 6.1-inch size is ideal and fits well in the hand. The display is sharp, battery life is solid, and overall she is very happy using it.

The only thing I wish Apple had included is the Dynamic Island instead of the notch design. Other than that, for anyone who doesn‚Äôt do heavy tasks, the iPhone 16e is an excellent choice.",
Amazon,https://www.amazon.in/iPhone-Pro-256-Promotion-Breakthrough/dp/B0FQFYYPZF/ref=sr_1_2,"iPhone 17 Pro 256 GB: 15.93 cm (6.3‚Ä≥) Display with Promotion up to 120Hz, A19 Pro Chip, Breakthrough Battery Life, Pro Fusion Camera System with Center Stage Front Camera; Deep Blue",iPhone,,,,,-63,Clicktech Retail Private Ltd,Very good mobile with great battery backup.,
Amazon,https://www.amazon.in/iPhone-Air-512-GB-Promotion/dp/B0FQG8LLXS/ref=sr_1_10,"iPhone Air 512 GB: Thinnest iPhone Ever, 16.63 cm (6.5‚Ä≥) Display with Promotion up to 120Hz, Powerful A19 Pro Chip, Center Stage Front Camera, All-Day Battery Life; Space Black",iPhone,,,,,-43,Clicktech Retail Private Ltd,"I‚Äôm really happy with the iPhone Air. The performance is smooth, and overall it feels great to use. The battery life has been excellent‚ÄîI easily get a full day on a single charge. Definitely worth it if you want a reliable phone with strong battery performance.",
Amazon,https://www.amazon.in/iPhone-Pro-Max-256-Promotion/dp/B0FQFV2XKS/ref=sr_1_7,"iPhone 17 Pro Max 256 GB: 17.42 cm (6.9‚Ä≥) Display with Promotion, A19 Pro Chip, Best Battery Life in Any iPhone Ever, Pro Fusion Camera System, Center Stage Front Camera; Deep Blue",iPhone,,,,,-33,Clicktech Retail Private Ltd,"Marvellous performance .
Excellent build quality and perfect colour
Loved it soft and smooth performance!",
Amazon,https://www.amazon.in/iPhone-17-Pro-Max-Promotion/dp/B0FQF9ZLD7/ref=sr_1_6,"iPhone 17 Pro Max 2 TB: 17.42 cm (6.9‚Ä≥) Display with Promotion, A19 Pro Chip, Best Battery Life in Any iPhone Ever, Pro Fusion Camera System, Center Stage Front Camera; Silver",iPhone,,,,,,Clicktech Retail Private Ltd,,
Amazon,https://www.amazon.in/Apple-iPhone-14-256GB-Starlight/dp/B0BDJS3MRM/ref=sr_1_9,Apple iPhone 14 (256 GB) - Starlight,Apple,,,,,"-6,179",Clicktech Retail Private Ltd,"The Apple iPhone 14 is overall a great phone for anyone who is looking for high speed, excellent camera quality, and a day-long of battery life. The squared-off sides are more comfortable to hold in your hand in my opinion. I purchased this one and so far my experience has been wonderful. Something I like about this phone is its fast speed along with the different options the camera gives you. I wouldn't say the iPhone 14 has a better camera than the 13, rather I think they are more similar and there wasn't a dramatic improvement. The battery life is something that I wish was a little longer. It last about an hour or two more than the average iPhone 13, but does charge faster. I have been able to receive about a 50% charge in 30 minutes. Another great feature of this phone is the painless eSIM setup. Being able to set up the SIM card virtually and not a physical transfer on your phone makes carrying over carriers from phone to phone much easier. battery lasts as long as the iPhone 13. As you may remember, it was much better than the iPhone 12. The iPhone 14 is a smooth, responsive phone and great for high-quality gaming or photo and video editing. Overall I think this is a great phone to purchase if you are looking for a durable and sustainable upgrade and I do think it is worth the extra hundred dollars from the 13.",
Amazon,https://www.amazon.in/OnePlus-ANC-Bluetooth-Earphones-Bombastic/dp/B0CBTTCJL6/ref=sr_1_5,"OnePlus Bullets Wireless Z2 ANC Bluetooth in Ear Earphones with Mic, 45dB Hybrid ANC, Bombastic Bass - 12.4 mm Drivers, 10 Mins Charge - 20 Hrs Music, 28 Hrs Battery (Booming Black)",OnePlus,,,,,"-2,17,987",Cocoblu Retail,"If you're on the lookout for a solid pair of wireless earphones, the OnePlus Bullets Z2 might just catch your eye. I've been using them for a while, and here's my honest take on what they have to offer.

Connectivity & Ease of Use:

Let‚Äôs start with one of the essentials‚Äîconnectivity. The OnePlus Bullets Z2 nails it with seamless Bluetooth connectivity that just works. Pairing them with my phone was as simple as it gets, and once connected, they stay that way without any annoying drops. The button placement on the neckband is intuitive, and after a day or two of use, I could easily control playback without needing to glance down, thanks to muscle memory. It‚Äôs the kind of convenience you don‚Äôt realize you need until you have it.

Sound Quality - Balanced Yet Personal:

Now, onto the sound quality. As someone who values a balanced sound signature, I found the Z2 to be a great match for my taste. Whether I'm listening to some mellow jazz, electronic beats, or even rock, the sound remains well-rounded and crisp. The highs, mids, and lows don't overpower each other, making it perfect for those who don't want their ears blasted with bass or overwhelmed by treble.

That said, sound quality is a subjective experience, and preferences can vary widely. If you're a bass head looking for those earth-shaking lows, you might find these a tad restrained. But if, like me, you appreciate a balanced output across genres, these will hit the right notes for you.

Battery Life & Quick Charging - A Week of Peace:

Battery life is another highlight. With moderate use‚Äîthink about 1-2 hours daily‚Äîyou can stretch a single charge to last an entire week. Even if you‚Äôre a heavy listener, using them for 6-8 hours straight, they can hold up for around 2-3 days before needing a recharge. And the quick charge feature is a lifesaver‚Äîjust 10 minutes of charging gets you 2-4 hours of extra playtime, which is perfect for those ‚Äúoops, I forgot to charge them‚Äù moments.

Gaming & Low Latency - Smooth Experience:

I spend a fair bit of time playing games like BGMI, and the low latency mode on the Bullets Z2 makes a noticeable difference. There's minimal lag between the visuals and the audio, which makes for a much more immersive gaming experience. It's not just about the sound being clear; it's also about it being on time, and these earphones deliver that pretty well.

Comfort & Passive Noise Isolation:

Comfort is key when it comes to neckbands, and the Z2 doesn‚Äôt disappoint. They come with multiple earbud sizes, so you can pick the one that fits snugly for you. While there‚Äôs no active noise cancellation (ANC) here, you can achieve a decent level of passive noise isolation by choosing the right ear tips. This makes a noticeable difference in cutting out background noise during commutes or at the office.

App Experience & Annoying Blinking Light:

Now, onto a couple of quirks. The Bullets Z2 uses the HeyMelody app, which offers additional features like custom sound settings. However, my unit just wouldn‚Äôt connect with the app, which was a bummer. So, any fancy tweaks you could make through the app were out of my reach, and I had to rely solely on the default Bluetooth pairing. While everything worked smoothly once connected, I feel like I missed out on some customization options that might have enhanced my experience.

Another thing that bugged me was the small white light that blinks when the neckband is connected to a device. It might not seem like a big deal, but if you‚Äôre using the earphones in a dark room or while lying down, that blinking light can be pretty distracting. Plus, it probably drains the battery a bit, albeit a small amount. A simple option to turn this off in the app would‚Äôve been a nice touch.

Final Thoughts - A Solid Pick for Most, with Room for Improvement:

Overall, the OnePlus Z2 delivers where it matters‚Äîgood sound quality, reliable connectivity, and battery life that won‚Äôt have you constantly reaching for the charger. It‚Äôs not perfect, especially with the blinking light and app connectivity issues, but those are minor compared to the solid performance it offers. Plus, with the quick-charge feature and low-latency gaming experience, it‚Äôs hard not to appreciate the value you get.

If you‚Äôre looking for a reliable neckband that blends style, comfort, and balanced audio, the OnePlus Bullets Z2 is definitely worth considering. It might not satisfy those who crave earth-shattering bass, but for most listeners, it's a worthy contender at its price point.",
Amazon,https://www.amazon.in/boAt-Airdopes-Alpha-Wireless-Earbuds/dp/B0C3ZYFZ77/ref=sr_1_10,"Boat Airdopes Joy, 35Hrs Battery, Fast Charge, IWP Tech, Low Latency, 2Mic ENx, Type-C Port, v5.3 Bluetooth Earbuds, TWS Ear Buds Wireless Earphones with mic(Jet Black)",Boat,,,,,"-6,677",Clicktech Retail Private Ltd,boAt is a brilliant company it makes very brilliant airpods they are so good you can buy them. There sound quality is also so good. There are not so many features but have much features. It's design was also so good .also have good functionality,
Amazon,https://www.amazon.in/boAt-Rockerz-255-Pro-Earphones/dp/B08TV2P1N8/ref=sr_1_4,"boAt Rockerz 255 Pro+, 60HRS Battery, Fast Charge, IPX7, Dual Pairing, Low Latency, Magnetic Earbuds, in Ear Bluetooth Neckband, Wireless with Mic Earphones (Active Black)",boAt,,,,,"-2,44,936",Clicktech Retail Private Ltd,"I am an earphone addict. I think I am eligible to write this review. I received it on 21 October and today is 29 October and the battery is still at 50%. I know it's crazyyyyyzzyy. I regret why I didn't bought it sooner. Doesn't have heavenly sound like 50k headphones but it's has Nuclear generated Battery. which you will need to charge only 4to5 times a month.

Bike ride
It's not ideal for bike riding, it's for indoor use, alot of wind noise when riding, but no wind noise when plugged inside the helmet, additionally it makes alot of noise when you touch the earphone wire, the noise is not from the speaker btw

battery
Battery is great, no question about it. It's been 8 day's, I use it everyday and carry it everywhere and still it has 50% battery. after 8 days continuous used.

Sound loudness
The sound is loud I Don't recommend anyone to use it more than 80% level unless you want to lose your hearing within a year. 40% sound level satisfy me. It's too loud. If you put it more than 80% it's too dangerous for the eardrum.

lasting
I Don't expect to last it more than 1 year, like every boat earphone i have bought previously. ( they can last only 1 year maximum which is kind of disappointing.) it's like boat earphone are built to last exactly 1 years. which makes you buy again and again. Which of course makes sense. if they build a earphone that last forever. they won't be able to sell their newly launched product anymore.

look
it looks good when you put it around the neck without listening. but when you put it in your ear it doesn't look cool ( around public) if you want to look cool this is not the right choice for you üòÅ

Can connect 2 blutooth device at the same time
But the problem is, it can't recognise which is yours and which isn't, so when someone near you turn on their bluetooth, it will directly connect to it. which is kind of a minor problem. but i suppose boat apps can fixed it.

sound quality
sound quality is kind of in the middle, I Don't have complains, but it's far better than 500 rs wired earphone IMO. the bass has high beat sound. mids and treble are perfect for me, bass is too much for me, IDK About your opinion.

Noise block (ANC)

If you play music to 30-40% sound level, you won't hear anyone talking near you. but if you Don't play any music, the noise level is blocked around 10% i would say. Considering this doesn't have any ANC it's great.

i will update after 1,2,3 months used.",
Amazon,https://www.amazon.in/boAt-Rockerz-245-Pro-Interface/dp/B0CC8VF47L/ref=sr_1_8,"boAt Rockerz 245 v2 Pro, 30HRS Battery, ENx Tech, Fast Charge, Low Latency, Dual Pairing, Magnetic Ear Buds, IPX5, Type-C Interface, Bluetooth Neckband with Mic in Ear Earphones (Active Black)",boAt,,,,,"-1,19,390",Clicktech Retail Private Ltd,Best product..best price...sound quality... Voice call is good..,
Amazon,https://www.amazon.in/boAt-Rockerz-Magnetic-Bluetooth-Earphones/dp/B0F7Y67F6C/ref=sr_1_2,"boAt 2025 Launch Rockerz 113, 40H Battery, Dual Pair, Fast Charge, ENx Tech, Stream Ad Free Music via App Support, Magnetic Buds, Bluetooth Neckband, Wireless with Mic in Ear Earphones (Ash Grey)",boAt,,,,,"-5,051",Clicktech Retail Private Ltd,"The build quality is excellent and feels very sturdy. Sound is clear, bass is good, and it‚Äôs comfortable to use for long hours. Battery backup is also good.

Overall, value for money",
Amazon,https://www.amazon.in/Portronics-Harmonics-Bluetooth-Earphones-Resistant/dp/B0C9V3437T/ref=sr_1_6,"Portronics Harmonics Z7 Bluetooth Wireless in Ear Earphones with Upto 40 Hours Playback, 10mm Dynamic Driver, Gaming Mode, High Bass, IPX4 Water and Sweat Resistant, Type C Fast Charging(Black)",Portronics,,,,,"-2,893",Clicktech Retail Private Ltd,Nice product. Battery quality lasts long enough. Sound quality is good. Value for money.,
Amazon,https://www.amazon.in/Kratos-Bluetooth-Neckband-Playtime-Magnetic/dp/B0FCCH3KMZ/ref=sr_1_9,"Kratos N4 Bluetooth Neckband with 52H Playtime, Deep Bass, Stereo Sound, HD Calls, Magnetic Earbuds, Type-C Fast Charging, Rich Audio, Hollow Switch for Comfort & Style",Kratos,,,,,-859,Cocoblu Retail,"Kratos N4 Bluetooth Neckband is really nice product and I like it most. It has good sound quality,clear audio with great bass and connectivity.The neck design is superb easily gets fit in ears and value for money.I bought it for myself and continuesly using it .

I would highly recommend it to others who are looking for best quality in affordable price",
Amazon,https://www.amazon.in/ZEBRONICS-Zeb-Evolve-Supporting-Metallic-Green/dp/B09GFVB6N8/ref=sr_1_7,"ZEBRONICS Zeb-Evolve BTv5.0, Voice Assistant, Rapid Charge, Dual Pairing, Call Function, Magnetic Earpiece Bluetooth Wireless in Ear Earphones with Mic (Metallic Green)",ZEBRONICS,,,,,"-22,055",Clicktech Retail Private Ltd,"The sound quality is clear, the bass is decent, and the dual pairing feature works smoothly. Rapid charging is a big plus‚Äîyou can top it up quickly and use it for long hours without issues. The neckband is lightweight and comfortable for daily use.

The only downside is the earbud rubber tips. They don‚Äôt stay firmly in place and can feel a bit loose, especially during longer use or movement. Better-quality or more stable ear tips would make the experience even better.

Overall, it‚Äôs a solid product with impressive features, but the earbud rubber tips could definitely be improved.",
Amazon,https://www.amazon.in/boAt-Rockerz-Magnetic-Bluetooth-Earphones/dp/B0F7Y54PJX/ref=sr_1_1,"boAt 2025 Launch Rockerz 113, 40H Battery, Dual Pair, Fast Charge, ENx Tech, Stream Ad Free Music via App Support, Magnetic Buds, Bluetooth Neckband, Wireless with Mic in Ear Earphones (Active Black)",boAt,,,,,"-5,051",Clicktech Retail Private Ltd,"The build quality is excellent and feels very sturdy. Sound is clear, bass is good, and it‚Äôs comfortable to use for long hours. Battery backup is also good.

Overall, value for money",
Amazon,https://www.amazon.in/OnePlus-Wireless-Neckband-Playback-Enhancement/dp/B0FBRGKXHG/ref=sr_1_3,"OnePlus Bullets Wireless Z3 in-Ear Neckband with 12.4mm Drivers, 3D Spatial Audio,10 mins Charge for 27 hrs Playback, 4 EQ preset, Dynamic bass Enhancement & BT5.4",OnePlus,,,,,"-2,17,987",Cocoblu Retail,"If you're on the lookout for a solid pair of wireless earphones, the OnePlus Bullets Z2 might just catch your eye. I've been using them for a while, and here's my honest take on what they have to offer.

Connectivity & Ease of Use:

Let‚Äôs start with one of the essentials‚Äîconnectivity. The OnePlus Bullets Z2 nails it with seamless Bluetooth connectivity that just works. Pairing them with my phone was as simple as it gets, and once connected, they stay that way without any annoying drops. The button placement on the neckband is intuitive, and after a day or two of use, I could easily control playback without needing to glance down, thanks to muscle memory. It‚Äôs the kind of convenience you don‚Äôt realize you need until you have it.

Sound Quality - Balanced Yet Personal:

Now, onto the sound quality. As someone who values a balanced sound signature, I found the Z2 to be a great match for my taste. Whether I'm listening to some mellow jazz, electronic beats, or even rock, the sound remains well-rounded and crisp. The highs, mids, and lows don't overpower each other, making it perfect for those who don't want their ears blasted with bass or overwhelmed by treble.

That said, sound quality is a subjective experience, and preferences can vary widely. If you're a bass head looking for those earth-shaking lows, you might find these a tad restrained. But if, like me, you appreciate a balanced output across genres, these will hit the right notes for you.

Battery Life & Quick Charging - A Week of Peace:

Battery life is another highlight. With moderate use‚Äîthink about 1-2 hours daily‚Äîyou can stretch a single charge to last an entire week. Even if you‚Äôre a heavy listener, using them for 6-8 hours straight, they can hold up for around 2-3 days before needing a recharge. And the quick charge feature is a lifesaver‚Äîjust 10 minutes of charging gets you 2-4 hours of extra playtime, which is perfect for those ‚Äúoops, I forgot to charge them‚Äù moments.

Gaming & Low Latency - Smooth Experience:

I spend a fair bit of time playing games like BGMI, and the low latency mode on the Bullets Z2 makes a noticeable difference. There's minimal lag between the visuals and the audio, which makes for a much more immersive gaming experience. It's not just about the sound being clear; it's also about it being on time, and these earphones deliver that pretty well.

Comfort & Passive Noise Isolation:

Comfort is key when it comes to neckbands, and the Z2 doesn‚Äôt disappoint. They come with multiple earbud sizes, so you can pick the one that fits snugly for you. While there‚Äôs no active noise cancellation (ANC) here, you can achieve a decent level of passive noise isolation by choosing the right ear tips. This makes a noticeable difference in cutting out background noise during commutes or at the office.

App Experience & Annoying Blinking Light:

Now, onto a couple of quirks. The Bullets Z2 uses the HeyMelody app, which offers additional features like custom sound settings. However, my unit just wouldn‚Äôt connect with the app, which was a bummer. So, any fancy tweaks you could make through the app were out of my reach, and I had to rely solely on the default Bluetooth pairing. While everything worked smoothly once connected, I feel like I missed out on some customization options that might have enhanced my experience.

Another thing that bugged me was the small white light that blinks when the neckband is connected to a device. It might not seem like a big deal, but if you‚Äôre using the earphones in a dark room or while lying down, that blinking light can be pretty distracting. Plus, it probably drains the battery a bit, albeit a small amount. A simple option to turn this off in the app would‚Äôve been a nice touch.

Final Thoughts - A Solid Pick for Most, with Room for Improvement:

Overall, the OnePlus Z2 delivers where it matters‚Äîgood sound quality, reliable connectivity, and battery life that won‚Äôt have you constantly reaching for the charger. It‚Äôs not perfect, especially with the blinking light and app connectivity issues, but those are minor compared to the solid performance it offers. Plus, with the quick-charge feature and low-latency gaming experience, it‚Äôs hard not to appreciate the value you get.

If you‚Äôre looking for a reliable neckband that blends style, comfort, and balanced audio, the OnePlus Bullets Z2 is definitely worth considering. It might not satisfy those who crave earth-shattering bass, but for most listeners, it's a worthy contender at its price point.",
Amazon,https://www.amazon.in/Nike-Revolution-Ember-Black-White-Running-BQ3207-605/dp/B098P7LN8G/ref=sr_1_1,Nike Women Lace Up Running Shoes,Nike,,,,,-118,Cocoblu Retail,I dont like,
Amazon,https://www.amazon.in/Nike-Mens-Runner-Sneakers-Black/dp/B00PYDTR3Y/ref=sr_1_7,Nike mens,Nike,,,,,"-4,713",Cocoblu Retail,Great Quality shoe,
Amazon,https://www.amazon.in/Nike-Zoom-Pegasus-Black-White-Anthracite/dp/B0CT3XW5DC/ref=sr_1_6,Nike mens Air Zoom Pegasus 41 Running Shoes,Nike,,,,,-131,Cocoblu Retail,"Excellent shoes. And kudos amazon for an amazing offer on the shoes.
Recieved an original shoes which are very comfortable",
Amazon,https://www.amazon.in/Nike-Court-Legacy-NN-WHITE-WHITE-BLACK-DH3162-101-11UK/dp/B0B1KCN61R/ref=sr_1_2,NIKE Men Mesh Running Shoes,NIKE,,,,,"-1,184",Cocoblu Retail,"The Nike Court Legacy Sneaker is an exceptional product that combines sleek design with high-quality craftsmanship. The understated and elegant appearance makes it suitable for everyday wear, while the durability and comfort ensure it stands up to daily use. This sneaker is an excellent choice for anyone looking for a versatile and stylish option that seamlessly fits into both casual and slightly formal settings.",
Amazon,https://www.amazon.in/Nike-Downshifter-Mens-Running-Shoes/dp/B0DPHXPB7J/ref=sr_1_3,NIKE Men Running Shoes,NIKE,,,,,"-1,256",Cocoblu Retail,The product comes as it looks in the picture. Very comfortable and great looking!,
Amazon,https://www.amazon.in/Nike-Mens-Court-Vision-Sneakers/dp/B0F9XFDFW5/ref=sr_1_5,Nike Men Running Shoes,Nike,,,,,"-1,523",Cocoblu Retail,"Very stylish and authentic product, feels premium, go for your actual size only. Thank me later",
Amazon,https://www.amazon.in/Nike-Quest-Mens-Running-Shoes/dp/B0D8W9N2W6/ref=sr_1_8,NIKE Men's Quest 6 Running Shoes,NIKE,,,,,-153,Sri Sai Enterprises Store,"Nike Quest 6 Running shoes.

Seller : Cocoblue

I had ordered the shoe on Sep 22 and it was delivered the next day in Bengaluru on Sep 23.

The packaging was good and delivery was prompt.

The shoe is an Original Nike product, manufactured in May 2025. The insole support, fittings, are good on this Quest 6 model. It‚Äôs was a value for money product.

Would definitely with future transaction with the seller and Amazon platform is one of the best for online purchases. Keep up the great support for your customersüëç",
Amazon,https://www.amazon.in/Nike-Court-Vision-Mens-Sneakers/dp/B0F2GCCKWC/ref=sr_1_10,Nike Men Lace Up Sneaker Shoes,Nike,,,,,-829,Cocoblu Retail,"I‚Äôve been using these Nike Court Vision Lo shoes for a while, and I‚Äôm really impressed! The build quality is excellent and the shoes feel super comfortable even after long walks. The cushioning gives great support, and the design looks premium.",
Amazon,https://www.amazon.in/Nike-OG-White-Blue-LT-Neutral-GREY-BLACK-DO9844-101-5UK/dp/B0CTMY8L8J/ref=sr_1_9,Nike Women Running Shoes,Nike,,,,,-8,Cocoblu Retail,Wow I can't believe it's real!,
Amazon,https://www.amazon.in/NIKE-Quest-Mens-Running-Shoes/dp/B0DPHXZDP5/ref=sr_1_4,Nike Mens Nike Quest 6 Running Shoes,Nike,,,,,-73,Cocoblu Retail,THERE IS COMPARISION OF NIKE WITH ANY OTHER BRAND IN THE WORLD I BOUGHT IT FOR COMFORT AND STYLE AND NO DOUGT IT BEATS BENCHMARKS. JUST WOW,
Amazon,https://www.amazon.in/Fire-Boltt-Display-Bluetooth-Calling-Assistance/dp/B0DTB2TZ84/ref=sr_1_9,"Fire-Boltt Ninja Call Pro Max Smart Watch 2.01 inch Display, Bluetooth Calling, 120+ Sports Modes, Health Suite, Voice Assistance (Forest Green)",Fire-Boltt,,,,,"-5,766",Clicktech Retail Private Ltd,"The watch displays and Sound Quality are Nice.Excellent productI‚Äôve been using the Fire-Boltt Ninja Call Pro Plus for some time, and overall, it‚Äôs a great value for the price. The 1.83-inch display is bright and clear, Bluetooth calling works well for quick calls, and health features like SpO‚ÇÇ, heart rate, and sleep tracking are handy for daily use. Battery lasts around 5‚Äì7 days depending on usage, which is impressive.",
Amazon,https://www.amazon.in/GOBOULT-Brightness-Assistant-Monitoring-Tangerine/dp/B0FCSH2CWN/ref=sr_1_6,"Boult GOBOULT (Formerly Newly Launched Crown Smart Watch 1.95'' Screen, BT Calling, Working Crown,Zinc Alloy Frame,900Nits Brightness, AI Voice Assistant,SpO2 Monitoring, 120+ Sports Mode(Tangerine)",Boult,,,,,-200,Clicktech Retail Private Ltd,"I have been using the Boult Crown for a week now, and it's been a pleasant surprise. The 1.95"" screen is vibrant and super bright (900 nits is no joke ‚Äî easy to see even in sunlight). The tangerine color is bold and stylish, and the zinc alloy frame gives it a premium feel.

BT calling works smoothly, and I love the addition of a working crown for easy navigation. The AI voice assistant is responsive, and health tracking features like SpO2 monitoring and heart rate tracking seem fairly accurate. It also supports a huge variety of sports modes ‚Äî great for fitness enthusiasts, for the price, it's a solid buy
Highly recommended if you're looking for a budget-friendly smartwatch with premium features.",
Amazon,https://www.amazon.in/Samsung-Galaxy-Watch-Classic-Smartwatch/dp/B0FNS1J1BY/ref=sr_1_7,"Samsung Galaxy Watch 8 Classic (2025) 46mm Bluetooth Smartwatch ‚Äì Black | Rotating Bezel, Sleep & Fitness Tracking, Energy Score, Quick Button with Smart Plug [US Version]",Samsung,,,,,-39,altaX¬Æ Official,,
Amazon,https://www.amazon.in/Bouncefit-D20-Fitness-Band-Smartwatch/dp/B0BSGXWTGP/ref=sr_1_8,"Bouncefit D20 Y68 Fitness Band Smart Watch for Men, Women, Boys, Girls, Kids ‚Äì Single Touch Interface, Water Resistant, Workout Modes, Quick Charge Sports Smartwatch ‚Äì Jet Black",Bouncefit,,,,,"-3,374",Clicktech Retail Private Ltd,I buy it very good product nice model and üëç,
Amazon,https://www.amazon.in/MARVIK-D20-Plus-Waterproof-Activity/dp/B0DS14JKB1/ref=sr_1_5,"MARVIK Smart Watch for Kids, Men, Boys, Girls, and Women, D20 Plus 2025, Latest for Android and iOS Phones, IP68 Waterproof with Daily Activity Tracker, Heart Rate Sensor, Sleep Monitor Watch - Black",MARVIK,,,,,"-1,155",Clicktech Retail Private Ltd,"Very bad product and this not working.
Not responding to the product which are not working completely",
Amazon,https://www.amazon.in/Huawei-Compatible-Emotional-Wellbeing-Monitoring/dp/B0FQPHYYMR/ref=sr_1_3,"Huawei Watch GT 6 Smart Watch, 41mm, Upto 14 Days Battery Life, Smart Watches with 100+ Sports Mode, Cycling, iOS & Android Compatible, Emotional Wellbeing, Health Monitoring (Purple)",Huawei,,,,,-7,Clicktech Retail Private Ltd,,
Amazon,https://www.amazon.in/boAt-Storm-Call-Navigation-Bluetooth/dp/B0D5LRGSCR/ref=sr_1_4,"boAt Storm Call 3 w/TBT Navigation, Daily Activity Tracker, DIY Watch Face Studio,700+ Active Modes, 1.83"" (4.6 cm) HD Display Fitness Smart Watch for Men & Women(Active Black)",boAt,,,,,"-34,374",Clicktech Retail Private Ltd,"Good Quality and have very nice features..
I was using Huawei watch and i am surprised with the features that boat has and even price wise too its too cheap.. highly recommended..
Happy with my purchase.",
Amazon,https://www.amazon.in/Noise-Advanced-Bluetooth-Brightness-Smartwatch/dp/B0B6BLTGTT/ref=sr_1_10,"Noise Pulse 2 Max 1.85"" Display, Bluetooth Calling Smart Watch, 10 Days Battery, 550 NITS Brightness, Smart DND, 100 Sports Modes, Smartwatch for Men and Women (Jet Black)",Noise,,,,,"-22,256",Clicktech Retail Private Ltd,"I‚Äôve been using it for over 6 months now. The AMOLED display is big and looks great. In normal mode, the battery backup is very good ‚Äî it lasts up to 10 days. However, with Wi-Fi on and Always-On Display enabled, the battery drains faster. Overall, the performance is good and I‚Äôm satisfied with it.",
Amazon,https://www.amazon.in/Noise-Launched-Bluetooth-Calling-Tracking/dp/B0BJ72WZQ7/ref=sr_1_1,"Noise Twist Round dial Smart Watch with Bluetooth Calling, 1.38"" TFT Display, up-to 7 Days Battery, 100+ Watch Faces, IP68, Heart Rate Monitor, Sleep Tracking (Jet Black)",Noise,,,,,"-49,557",Clicktech Retail Private Ltd,I is an amazing multifunctional watch. Syncs with the mobile flawlessly through the app as well‚ú®Ô∏è. Would recommend it to anyone looking for an affordable option or choice in smart watches. Also the fitness trackers are amazing as wellüëè,
Amazon,https://www.amazon.in/Fire-Boltt-Launched-Display-Bluetooth-Assistance/dp/B0C496V772/ref=sr_1_2,"Fire-Boltt Ninja Call Pro Max Smart Watch 2.01 inch Display, Bluetooth Calling, 120+ Sports Modes, Health Suite, Voice Assistance (Grey)",Fire-Boltt,,,,,"-1,23,022",Clicktech Retail Private Ltd,"At this point of price, it‚Äôs really good product.",
,,,,,,,,,,,
"Samsung Galaxy S25 Ultra, 512GB Smartphone, Unlocked Android, AI Night Mode Camera, Snapdragon 8 Elite Fast Processor, 5000mAh Battery, Built-in S Pen, 2025, US 1 Yr Warranty, Titanium Black",4.5,2345,Cell Phones & Accessories,Cell Phones,Samsung,1169,-0.18,https://m.media-amazon.com/images/I/61n0lmxP5-L._AC_SX679_.jpg,,,
"Samsung Galaxy A16 5G A Series, Unlocked Android Smartphone, Large AMOLED Display, Durable Design, Super Fast Charging, Expandable Storage, 5G Connectivity, US Version, 2025, Blue Black",4.2,1789,Cell Phones & Accessories,Cell Phones,Samsung,198,,https://m.media-amazon.com/images/I/71KGkQ+KOKL._AC_SX679_.jpg,,,
"SAMSUNG Galaxy S24 FE AI Phone, 128GB Unlocked Android Smartphone, High-Res 50MP Camera, Long Battery Life, AMOLED Bright Display, US Version, 2024, US 1 Yr Warranty, Graphite",4.5,1381,Cell Phones & Accessories,Cell Phones,SAMSUNG,1069,,https://m.media-amazon.com/images/I/61uakkLoHxL._AC_SX679_.jpg,,,
Motorola Moto G 5G | 2024 | Unlocked | Made for US 4/128GB | 50MP Camera | Sage Green,4.2,2996,Cell Phones & Accessories,Cell Phones,Motorola,139,-0.3,https://m.media-amazon.com/images/I/61TTdTnaEeL._AC_SX679_.jpg,,,
"Tracfone Moto G Play (2023) [Activation Promotion], 32GB, Blue, Includes 1500Min/1500Txt/1500MB, 365 Days Service Plan - Prepaid Smartphone",4.3,1271,Cell Phones & Accessories,Cell Phones,TracFone,49,,https://m.media-amazon.com/images/I/61Ydn7qAodL._AC_SY679_.jpg,,,
Motorola Moto G Stylus 5G | 2024 | Unlocked | Made for US 8/256GB | 50MP Camera | Caramel Latte,4.5,974,Cell Phones & Accessories,Cell Phones,Motorola,249,-0.38,https://m.media-amazon.com/images/I/61LE9-6KxdL._AC_SX679_.jpg,,,
"OnePlus 13R, 12GB RAM + 256GB Storage, Dual-SIM, Unlocked Android Smartphone, Powered by Snapdragon 8 Gen 3, 55W SUPERVOOC Fast Charging, 2025, Nebula Noir",4.6,141,Cell Phones & Accessories,Cell Phones,OnePlus,719,,https://m.media-amazon.com/images/I/71lmumt9z8L._AC_SX679_.jpg,,,
"SAMSUNG Galaxy S22 Ultra 5G, US Version, 512GB, Phantom Black - Unlocked (Renewed)",3.7,5259,Cell Phones & Accessories,Cell Phones,SAMSUNG,1169,,https://m.media-amazon.com/images/I/61U6oC65TTL._AC_SX679_.jpg,,,
"Apple iPhone 12, 64GB, Blue - Unlocked (Renewed)",4,31272,Cell Phones & Accessories,Cell Phones,Apple,798,,https://m.media-amazon.com/images/I/51ERFKUcVlL._AC_SX679_.jpg,,,
"Samsung Galaxy A16 4G LTE (128GB + 4GB) International Model SM-A165F/DS Factory Unlocked, 6.7"", Dual SIM, 50MP Triple Camera (Case Bundle), Black",4,1388,Cell Phones & Accessories,Cell Phones,Samsung,130,,https://m.media-amazon.com/images/I/61Lp1UcxeLL._AC_SX679_.jpg,,,
"Samsung Galaxy S22 Smartphone, Factory Unlocked Android Cell Phone, 128GB, 8K Camera & Video, Brightest Display, Long Battery Life, Fast 4nm Processor, US Version, Phantom Black (Renewed)",3.9,3172,Cell Phones & Accessories,Cell Phones,SAMSUNG,219,,https://m.media-amazon.com/images/I/61M4ndNetDL._AC_SX679_.jpg,,,
"Apple iPhone 14 Plus, 128GB, Midnight - Unlocked (Renewed)",4.1,2936,Cell Phones & Accessories,Cell Phones,Apple,56,,https://m.media-amazon.com/images/I/513-nH35+UL._AC_SX679_.jpg,,,
"Samsung Galaxy S21 5G, US Version, 128GB, Phantom Gray - Unlocked (Renewed)",4,13301,Cell Phones & Accessories,Cell Phones,SAMSUNG,134,,https://m.media-amazon.com/images/I/61XyNdmvr6L._AC_SX522_.jpg,,,
Samsung Galaxy S22+ 5G S906U 128GB GSM/CDMA Unlocked Android Smartphone (USA Version) - Phantom Black (Renewed),4.2,1798,Cell Phones & Accessories,Cell Phones,SAMSUNG,259,,https://m.media-amazon.com/images/I/61R5xNY4ZWL._AC_SX569_.jpg,,,
"TracFone Motorola Moto g 5G (2024) [Activation Promotion] Locked Prepaid Smartphone, 128GB, Gray - Includes $20 Unlimited Talk, Text, & 4GB Data 30-Day Plan",4.2,101,Cell Phones & Accessories,Cell Phones,TracFone,49,,https://m.media-amazon.com/images/I/61NIBABW1rL._AC_SY679_.jpg,,,
"8849 Tank 2 Pro Rugged Smartphone Unlocked, 24+512GB/1TB Android 14 Rugged Cell Phone with Projector, 6.79‚Äô‚Äô 4G Waterproof Mobile Phones 23800mAh, Fingerprint/Dual Sim/OTG/GPS/Face ID",4.2,70,Cell Phones & Accessories,Cell Phones,8849,449,,https://m.media-amazon.com/images/I/71BOkn2sodL._AC_SX569_.jpg,,,
"CMF Phone 1 8+128GB - Unlocked Smartphone with 50 MP Rear Camera with Ultra XDR, 6,67"" Super AMOLED Display and Nothing OS 2.6 - Light Green",4.6,540,Cell Phones & Accessories,Cell Phones,CMF BY NOTHING,199,-0.23,https://m.media-amazon.com/images/I/71Pc3Cb9HjL._AC_SX679_.jpg,,,
"Apple iPhone 13, 128GB, Blue - Unlocked (Renewed)",4,18266,Cell Phones & Accessories,Cell Phones,Apple,149,,https://m.media-amazon.com/images/I/71MKNCEgE6L._AC_SX679_.jpg,,,
"TCL 60 XE NXTPAPER 5G Cell Phone, 128GB Unlocked Android Smartphone, 6.8"" 120Hz Paper-Like Display, AI Features, 5010mAh Battery, 8GB RAM + 8GB Expansion, Advanced Camera System, Space Blue",4.1,133,Cell Phones & Accessories,Cell Phones,TCL,199,-0.2,https://m.media-amazon.com/images/I/81IrxvqffWL._AC_SX679_.jpg,,,
"Samsung Galaxy A03s Cell Phone, AT&T GSM Unlocked Android Smartphone, 32GB, Long Lasting Battery, Expandable Storage, 3 Camera Lenses, Infinite Display - Black (Renewed)",4,1400,Cell Phones & Accessories,Cell Phones,SAMSUNG,62,,https://m.media-amazon.com/images/I/51m45B3Yy+L._AC_SX679_.jpg,,,
Samsung Electronics Galaxy Note 20 5G Unlocked Android Cell Phone | US Version | 128GB of Storage | Mobile Gaming Smartphone | Long-Lasting Battery | Mystic Gray (Renewed),4,2425,Cell Phones & Accessories,Cell Phones,SAMSUNG,259,,https://m.media-amazon.com/images/I/61xqvfPmUnL._AC_SX466_.jpg,,,
"SAMSUNG Galaxy A16 5G Dual SIM (128GB, 2025) 6.7"" 90Hz AMOLED, Water Resistant, 8Core, 50MP Camera (Factory Unlocked International Model for GSM, Global) A166M/DS Blue Black",4.2,289,Cell Phones & Accessories,Cell Phones,SAMSUNG,174,,https://m.media-amazon.com/images/I/51u7UXKB8+L._AC_SX679_.jpg,,,
Samsung Galaxy A05 A055M 64GB Dual-SIM GSM Unlocked Android Smartphone (Latin America Version) - Black,4.3,494,Cell Phones & Accessories,Cell Phones,SAMSUNG,107,,https://m.media-amazon.com/images/I/61UjBLFlH2L._AC_SX679_.jpg,,,
"Samsung Galaxy Z Fold7 Cell Phone, 512GB AI Smartphone, Unlocked Android, AI Photo Edits, Large Screen, Long Battery Life, 2025, US 1 Yr Manufacturer Warranty, Silver Shadow",4.4,111,Cell Phones & Accessories,Cell Phones,Samsung,2119,,https://m.media-amazon.com/images/I/71Q2nfOzmmL._AC_SX679_.jpg,,,
"SAMSUNG Galaxy A16 5G (SM-A166M/DS), 256GB 8GB RAM, Dual SIM, Factory Unlocked GSM, International Version (25W Power Adapter Bundle) - (Light Green)",4.2,324,Cell Phones & Accessories,Cell Phones,SAMSUNG,205,,https://m.media-amazon.com/images/I/61lLuNuti0L._AC_SX679_.jpg,,,
"Google Pixel 7 5G, US Version, 128GB, Obsidian - Unlocked (Renewed)",4,1642,Cell Phones & Accessories,Cell Phones,Google,349,,https://m.media-amazon.com/images/I/61GaroZ9M6L._AC_SX679_.jpg,,,
"Motorola Moto G 5G 2024 (128GB, 4GB) 6.6"", 50MP Dual Camera, Android 14, XT2417 (Unlocked, Sage Green) (Renewed)",4.1,349,Cell Phones & Accessories,Cell Phones,Motorola,115,,https://m.media-amazon.com/images/I/51iFMfKzTvL._AC_SX679_.jpg,,,
"Google Pixel 9 - Unlocked Android Smartphone with Gemini, 24-Hour Battery, Advanced Camera, and 6.3"" Actua Display - Obsidian - 128 GB",4.5,802,Cell Phones & Accessories,Cell Phones,Google,798,,https://m.media-amazon.com/images/I/61fh21u3DJL._AC_SX679_.jpg,,,
Samsung Galaxy A05 A055M 64GB Dual-SIM GSM Unlocked Android Smartphone (Latin America Version) - Silver,4.4,277,Cell Phones & Accessories,Cell Phones,Samsung,107,,https://m.media-amazon.com/images/I/717LoicbArL._AC_SX522_.jpg,,,
"SAMSUNG Galaxy S24 Ultra Cell Phone, 256GB AI Smartphone, Unlocked Android, 200MP, 100x Zoom Cameras, Long Battery Life, S Pen, Global Version, 2024 - Titanium Black",4.2,133,Cell Phones & Accessories,Cell Phones,SAMSUNG,819,,https://m.media-amazon.com/images/I/51WdmHmubDL._AC_SX679_.jpg,,,
"Samsung Galaxy S20 FE 5G, 128GB, Cloud Navy - Unlocked (Renewed)",3.9,10120,Cell Phones & Accessories,Cell Phones,Samsung,219,,https://m.media-amazon.com/images/I/51yxI5nkPWL._AC_SX679_.jpg,,,
"Samsung Galaxy A36 5G A Series Cell Phone, 256GB Unlocked Android Smartphone, AMOLED Display, Rugged Design, US Version, 2025, US 1 Yr Manufacturer Warranty, Awesome Lavender",4.4,340,Cell Phones & Accessories,Cell Phones,Samsung,449,-0.05,https://m.media-amazon.com/images/I/612jJWCgFcL._AC_SX679_.jpg,,,
"Google Pixel 9a with Gemini - Unlocked Android Smartphone with Incredible Camera and AI Photo Editing, All-Day Battery, and Powerful Security - Peony - 128 GB",4.4,425,Cell Phones & Accessories,Cell Phones,Google,199,,https://m.media-amazon.com/images/I/61IgWXs5BRL._AC_SX679_.jpg,,,
"SAMSUNG Galaxy A05 (128GB, 4GB) 6.7"" Dual SIM GSM Unlocked Global 4G LTE A055M/DS (Silver)",4.1,773,Cell Phones & Accessories,Cell Phones,SAMSUNG,113,,https://m.media-amazon.com/images/I/61r6nWLIxYL._AC_SX679_.jpg,,,
"OUKITEL C61 Unlocked Cell Phone 2025- Android 15, 6.88"" Display Smartphone, 16GB+128GB/1TB, 5150mAh Battery Phone, 13MP Camera, 4G Dual Sim Mobile Phones, Fingerprint/Face Unlock/GPS/BT5.0, Black",4.5,129,Cell Phones & Accessories,Cell Phones,OUKITEL,109,-0.15,https://m.media-amazon.com/images/I/71O2WuiBbCL._AC_SX679_.jpg,,,
TCL 50 LE - (Verizon) Smartphone - Dark Gray - 64gb (Renewed),3,10,Cell Phones & Accessories,Cell Phones,TCL,89,,https://m.media-amazon.com/images/I/61wm9DNE7LL._AC_SX679_.jpg,,,
"Samsung Galaxy A20 32GB 6.4"" Display A205U Black Unlocked Smartphone (Renewed)",3.8,868,Cell Phones & Accessories,Cell Phones,SAMSUNG,62,,https://m.media-amazon.com/images/I/71-t9PoTerL._AC_SX679_.jpg,,,
Nokia G10 | Android 13 | Unlocked GSM Smartphone | 3-Day Battery | 3GB RAM | 64GB Storage | 6.52-Inch Screen | 13MP Triple Camera | Dusk | Not Compatible with Verizon or AT&T,3.4,121,Cell Phones & Accessories,Cell Phones,Nokia,69,,https://m.media-amazon.com/images/I/81Io90tyv1L._AC_SX679_.jpg,,,
Google Pixel 4a with 5G - Android Phone - New Unlocked Smartphone with Night Sight and Ultrawide Lens - Just Black,4.2,2736,Cell Phones & Accessories,Cell Phones,Google,209,,https://m.media-amazon.com/images/I/71C0OH4WfpL._AC_SX679_.jpg,,,
"OnePlus Nord N30 5G | Unlocked Dual-SIM Android Smart Phone | 6.7"" LCD Display | 8 +128GB | 5000 mAh Battery | 50W Fast Charging | 108MP Camera | Chromatic Gray",4.3,1396,Cell Phones & Accessories,Cell Phones,OnePlus,299,,https://m.media-amazon.com/images/I/610qFsdenLL._AC_SX679_.jpg,,,
"OUKITEL G3 Rugged Smartphone Unlocked -16GB+128GB/1TB TF 6‚Äù HD Display IP68/IP69K Rugged Cell Phones, 6300mAh Battery 13MP Rear Camera Waterproof Android Phone, GPS/3.5mm Jack/4G Dual Sim/Face ID",4.5,38,Cell Phones & Accessories,Cell Phones,OUKITEL,169,,https://m.media-amazon.com/images/I/81RuzvJtvYL._AC_SX679_.jpg,,,
BLU C5L MAX | 2024 | All-Day Battery | GSM Unlocked | 5.7‚Äù Display | 16/2GB |US Version | US Warranty | Black,3.7,510,Cell Phones & Accessories,Cell Phones,BLU,49,-0.14,https://m.media-amazon.com/images/I/81No0c60jdL._AC_SX679_.jpg,,,
"Samsung Galaxy A14 5G A Series Cell Phone, Factory Unlocked GSM Android Smartphone, 4GB / 64GB Black (Renewed)",3.9,462,Cell Phones & Accessories,Cell Phones,SAMSUNG,199,,https://m.media-amazon.com/images/I/71vkaWmpemL._AC_SY679_.jpg,,,
"Google Pixel 7 Pro - 5G Android Phone - Unlocked Smartphone with Telephoto/Wide Angle Lens, and 24-Hour Battery - 128GB - Obsidian",4.2,3958,Cell Phones & Accessories,Cell Phones,Google,399,,https://m.media-amazon.com/images/I/615rI0PoyOL._AC_SX679_.jpg,,,
Motorola Edge | 2024 | Unlocked | Made for US 8/256GB | 50MP Camera | Midnight Blue,4.2,393,Cell Phones & Accessories,Cell Phones,Motorola,299,-0.45,https://m.media-amazon.com/images/I/61xrE9hme2L._AC_SX679_.jpg,,,
"UMIDIGI G9T Cell Phone, Android 14 Smartphone Unlocked, 6.75"" HD+ 90Hz Display, 5000mAh Battery, 18W Fast Charging, 8(4+4)+128GB/1TB TF, 13MP Camera, AI Face & Fingerprint Unlock, 4G Dual SIM, GPS",4,322,Cell Phones & Accessories,Cell Phones,UMIDIGI,93,-0.15,https://m.media-amazon.com/images/I/616GSePFvrL._AC_SX679_.jpg,,,
"SAMSUNG Galaxy S21 Ultra 5G, US Version, 128GB, Phantom Black - Unlocked (Renewed)",3.9,3606,Cell Phones & Accessories,Cell Phones,SAMSUNG,1169,,https://m.media-amazon.com/images/I/71A87GtJnoL._AC_SX522_.jpg,,,
SAMSUNG Galaxy ‚ÄãS25 Ultra 5G 2025 (International Version) | GSM Unlocked (T-Mobile) | ‚Äã512GB ‚ÄãStorage‚Äã + 12GB RAM SM-S938B ‚ÄãQualcomm Snapdragon 8 Elite Android 15 Smartphone (Titanium Black),4.5,351,Cell Phones & Accessories,Cell Phones,SAMSUNG,1084,,https://m.media-amazon.com/images/I/61XFwBms9lL._AC_SX679_.jpg,,,
"SAMSUNG Galaxy Z Flip 3 5G, US Version, 128GB, Phantom Black - Unlocked (Renewed)",4,4744,Cell Phones & Accessories,Cell Phones,SAMSUNG,338,,https://m.media-amazon.com/images/I/61hdrl3iMXL._AC_SX569_.jpg,,,
SAMSUNG Galaxy S24 5G SM-S921B/DS 128GB 8GB Dual SIM Factory Unlocked GSM Smartphone - International Version (Onyx Black),4.6,85,Cell Phones & Accessories,Cell Phones,SAMSUNG,545,,https://m.media-amazon.com/images/I/31kj-vvnJSL._AC_.jpg,,,
"UMIDIGI G9X Unlocked Cell Phone,6.75"" 90Hz Display Smart Phone,Android 14,5000mAh,Octa-Core 8(4+4)+64GB 1TB,Face ID Unlock,4G Dual SIM Phone,GPS,FM Radio,Show captions,Unlocked Android Phones",4,193,Cell Phones & Accessories,Cell Phones,UMIDIGI,79,-0.27,https://m.media-amazon.com/images/I/710tEu79O3L._AC_SX679_.jpg,,,
"OUKITEL C1 Android 15 Cell Phone Unlocked 2025-16GB+128GB(TF 1TB), 6.52'' Waterdrop Screen, 5150mAh Battery Smartphone, 13MP Camera Octa Core, 4G Triple SIM, Fingerprint/3.5mm Jack/GPS,Blue",4.5,190,Cell Phones & Accessories,Cell Phones,OUKITEL,106,-0.11,https://m.media-amazon.com/images/I/81bn-K--I8L._AC_SX679_.jpg,,,
SAMSUNG Galaxy S9+ 64GB Smartphone - Midnight Black - Carrier Unlocked (Renewed),4.1,159,Cell Phones & Accessories,Cell Phones,SAMSUNG,56,,https://m.media-amazon.com/images/I/71iEeXihiyL._AC_SX522_.jpg,,,
"SAMSUNG Galaxy S24 FE AI Phone, 128GB Fully Unlocked Android Smartphone, High-Res 50MP Camera, Long Battery Life, Brighter Display Screen, US Version, 2024, Graphite (Renewed)",4.1,131,Cell Phones & Accessories,Cell Phones,SAMSUNG,106,,https://m.media-amazon.com/images/I/61uakkLoHxL._AC_SX679_.jpg,,,
Unihertz Jelly Max Unique Smartphone 5G Android 14 66W Fast Charging12GB RAM 256GB ROM 100MP Compatible with T-Mobile and Verizon only,,,Cell Phones & Accessories,Cell Phones,Unihertz,319,,https://m.media-amazon.com/images/I/51FxPmC-cBL._AC_SX679_.jpg,,,
"OnePlus 13,16GB RAM + 512GB Storage, Dual-SIM,Unlocked Android Smartphone, Snapdragon 8 Elite, 80W SUPERVOOC Fast Charging & 50W AIRVOOC Charging, Advanced Hasselblad Camera, 2025, Arctic Dawn",4.5,127,Cell Phones & Accessories,Cell Phones,OnePlus,929,-0.07,https://m.media-amazon.com/images/I/81YvgN0CcdL._AC_SX679_.jpg,,,
"OUKITEL G1 Rugged Smartphone Unlocked - 24+256GB/1TB Android 14 Rugged Cellphones, 6.52‚Äù HD Display IP68/IP69K 10600mAh Battery 48MP Rear Camera Waterproof Phone, Fingerprint/Dual Sim/NFC 2025",4.2,1137,Cell Phones & Accessories,Cell Phones,OUKITEL,199,,https://m.media-amazon.com/images/I/919aLPXSUyL._AC_SX679_.jpg,,,
"SAMSUNG Galaxy S25 Ultra Cell Phone, 256GB AI Smartphone, Unlocked Android, AI Camera, Fast Processor, Long Battery Life, 2025, Titanium Black (Renewed)",4.3,41,Cell Phones & Accessories,Cell Phones,SAMSUNG,719,,https://m.media-amazon.com/images/I/61n0lmxP5-L._AC_SX679_.jpg,,,
SAMSUNG Galaxy S22 5G SM-S901B/DS 128GB 8GB Dual SIM Factory Unlocked GSM Smartphone - International Version (Phantom Black),4.2,330,Cell Phones & Accessories,Cell Phones,SAMSUNG,259,,https://m.media-amazon.com/images/I/71SM3ocOODL._AC_SX679_.jpg,,,
"KOKODI Kids Smart Phone, Touchscreen HD Dual Camera Cell Phone for Kids, Christmas Birthday Gifts Dinosaur Toddler Play Phone for Boys 3-10, Travel Toy Preschool Learning Education Toy",4.5,3005,Toys & Games,Pretend Phones & Smartphones,,29,-0.25,https://m.media-amazon.com/images/I/5161GbqTokL._AC_.jpg,,,
"Google Pixel 6 5G, US Version, 128GB, Stormy Black - Unlocked (Renewed)",4.1,2419,Cell Phones & Accessories,Cell Phones,Google,129,,https://m.media-amazon.com/images/I/61ruKkvVIxL._AC_SX679_.jpg,,,
SAMSUNG Galaxy ‚ÄãS25 Ultra 5G 2025 (International Version) | GSM Unlocked (T-Mobile) | ‚Äã1TB ‚ÄãStorage‚Äã + 12GB RAM SM-S938B ‚ÄãQualcomm Snapdragon 8 Elite Android 15 Smartphone (Titanium Grey),4.6,83,Cell Phones & Accessories,Cell Phones,SAMSUNG,1185,,https://m.media-amazon.com/images/I/51fD+MRyTFL._AC_SX679_.jpg,,,
"Nothing Phone (3a) Smartphone, 6.77"" 120Hz AMOLED Display, 50MP Triple Camera System, Snapdragon 7s Gen3 Processor, Bluetooth 5.4, IP64 Waterproof, 5000mAh,Dual Nano-SIM, Android 15, 8+128GB White",4.5,45,Cell Phones & Accessories,Cell Phones,Nothing,329,-0.11,https://m.media-amazon.com/images/I/71b3HI25YgL._AC_SX679_.jpg,,,
ONEPLUS OnePlus 10 Pro | 5G Android Smartphone | 8GB+128GB | T-Mobile Unlocked | Triple Camera co-Developed with Hasselblad | Volcanic Black,4.3,1678,Cell Phones & Accessories,Cell Phones,OnePlus,319,,https://m.media-amazon.com/images/I/71YLENBvceL._AC_SX522_.jpg,,,
Google Pixel Fold - Unlocked Android 5G Smartphone with Telephoto Lens and Ultrawide Lens - Foldable Display - 24-Hour Battery - Obsidian - 256 GB (Renewed),4.1,295,Cell Phones & Accessories,Cell Phones,Google,106,,https://m.media-amazon.com/images/I/61sOr+JpqyL._AC_SX679_.jpg,,,
Motorola Moto G Power 5G | 2023 | Unlocked | Made for US 4/128GB | 50 MPCamera | Mineral Black,4.2,1968,Cell Phones & Accessories,Cell Phones,Motorola,147,,https://m.media-amazon.com/images/I/617-hV4-qpL._AC_SX679_.jpg,,,
"SAMSUNG Galaxy A16 4G (SM-A165M/DS), 128GB 6GB RAM, Dual SIM, Factory Unlocked GSM, International Version (25W Power Adapter Bundle) - (Light Green)",4.1,108,Cell Phones & Accessories,Cell Phones,SAMSUNG,139,,https://m.media-amazon.com/images/I/51xZ48gn4VL._AC_SX679_.jpg,,,
"TCL 40 XE 5G (Spectrum Unlocked) - 6.56"" HD+ Display, 5G Connectivity, 5000mAh Battery, 4GB RAM + 64GB Storage, Android Smartphone",4,36,Cell Phones & Accessories,Cell Phones,TCL,89,,https://m.media-amazon.com/images/I/41u4utv5peL._AC_SX679_.jpg,,,
Samsung Galaxy S23 5G Factory Unlocked 128GB - Phantom Black (Renewed),4.1,584,Cell Phones & Accessories,Cell Phones,Samsung,234,-0.18,https://m.media-amazon.com/images/I/51ngAkKqflL._AC_SX679_.jpg,,,
"Ulefone Armor 34 Pro 5G Rugged Smartphone with 150 Lumens Projector, 32GB+512GB ROM/2TB, 25500mAh 66W, Android 15, 6.95"" 120Hz, 64MP+50MP+50MP 32MP, 1100LM LED Light/Waterproof/NFC/Dual 5G/Widevine L1",4.9,21,Cell Phones & Accessories,Cell Phones,Ulefone,699,,https://m.media-amazon.com/images/I/81VKcVJr1lL._AC_SX466_.jpg,,,
"OUKITEL WP56 5G Rugged Smartphone Unlocked - 36GB+512GB/2TB Android 15 Rugged Phone,16000mAh Battery, 1000-Lumen Camping Light, 6.8"" FHD+ 120Hz,108MP Camera,128dB Loud Speaker Waterproof, NFC/GPS/OTG",4.8,46,Cell Phones & Accessories,Cell Phones,OUKITEL,399,,https://m.media-amazon.com/images/I/81jwpBIkWDL._AC_SX679_.jpg,,,
Samsung Galaxy A10e 32GB A102U GSM Unlocked Phone - Black (Renewed),3.9,3825,Cell Phones & Accessories,Cell Phones,Samsung,259,,https://m.media-amazon.com/images/I/71Eh6YWqqyL._AC_SY679_.jpg,,,
"SAMSUNG Galaxy A35 5G A Series Cell Phone, 128GB Unlocked Android Smartphone, AMOLED Display, Advanced Triple Camera System, Expandable Storage, Rugged Design, US Version, 2024, Awesome Navy",4.5,1193,Cell Phones & Accessories,Cell Phones,SAMSUNG,199,,https://m.media-amazon.com/images/I/71YwZXmVcEL._AC_SX679_.jpg,,,
"OUKITEL WP53 Pro Rugged Phone Unlocked Android 15-24GB+256GB Rugged Smartphone with Camping Light, 11000mAh Battery 128dB Louder Speaker, 6.52"" HD+ Phone, 50MP Main Camera Waterproof Cell Phone NFC",5,30,Cell Phones & Accessories,Cell Phones,OUKITEL,219,-0.19,https://m.media-amazon.com/images/I/81C-fKo2dvL._AC_SX679_.jpg,,,
"Nothing Phone (3) Cell Phone, 2025 New 5G Unlocked Phones 256GB, Android 15, Snapdragon 8s Gen4, AI Mobile Phones with Four 50MP Cameras & AMOLED Display, 5150mAh, Glyph Interface, Smartphone Black",4.7,16,Cell Phones & Accessories,Cell Phones,Nothing,719,-0.1,https://m.media-amazon.com/images/I/61YbN9tT88L._AC_SX679_.jpg,,,
"SAMSUNG Galaxy S24 Ultra 5G, US Version, 512GB, Titanium Black - Unlocked (Renewed)",4.2,627,Cell Phones & Accessories,Cell Phones,SAMSUNG,1069,,https://m.media-amazon.com/images/I/71WcjsOVOmL._AC_SX679_.jpg,,,
"OnePlus 12 Unlocked Android Phone ‚Äî Snapdragon 8 Gen 3 Phone w/ 16GB RAM, Hasselblad Camera, Dual SIM, 2K 120Hz ProXDR Display, 5400mAh Battery, SUPERVOOC Charging, OxygenOS (512GB, Flowy Emerald)",4.6,849,Cell Phones & Accessories,Cell Phones,OnePlus,729,-0.19,https://m.media-amazon.com/images/I/71tRpVJeMcL._AC_SX679_.jpg,,,
"DOOGEE S200 Rugged Smartphone 5G Unlocked, 32GB+256GB Android 14 Rugged Phone with 1.32"" Rear Screen, 10100mAh Battery, 100MP+20MP Night Vision Camera, 6.72"", 120Hz, NFC, 5G Dual SIM, ATT, Verizon",4.2,396,Cell Phones & Accessories,Cell Phones,DOOGEE,349,,https://m.media-amazon.com/images/I/71KtN+WK+5L._AC_SX679_.jpg,,,
"SAMSUNG Galaxy S23+ Plus 5G, US Version, 512GB, Phantom Black - Unlocked (Renewed)",4.2,653,Cell Phones & Accessories,Cell Phones,SAMSUNG,339,-0.26,https://m.media-amazon.com/images/I/51-PdNy2RqL._AC_SX569_.jpg,,,
"Blackview BV6200Plus Rugged Phone Android 15, 98dB Super Speaker 11000mAh, 24GB+256GB/2TB Rugged Smartphone Unlocked, 6.56"" HD+ 90Hz Waterproof Phone 2025 NFC/Fingerprint/GPS/T-moblie/IP69K/3 Slots",4.1,122,Cell Phones & Accessories,Cell Phones,Blackview,199,-0.16,https://m.media-amazon.com/images/I/71g7Sl5Rf7L._AC_SX679_.jpg,,,
BLU F5| 5G | 2024 | All-Day Battery | Unlocked | 6.6‚Äù HD+ Display | 128GB | Dual 50MP | US Version | Green,3.9,116,Cell Phones & Accessories,Cell Phones,BLU,99,-0.15,https://m.media-amazon.com/images/I/81jcsTp1EYL._AC_SX679_.jpg,,,
Honor 400 Pro Dual-SIM 512GB ROM + 12GB RAM (GSM Only | No CDMA) Factory Unlocked 5G Smartphone (Lunar Grey) - International Version,5,6,Cell Phones & Accessories,Cell Phones,Honor,869,,https://m.media-amazon.com/images/I/51mCHUys-ML._AC_SX679_.jpg,,,
"Motorola Moto Edge 50 Fusion 5G (XT2429-1) Dual Sim | GSM Unlocked | 6.7"" P-OLED 120Hz Display | 8GB Ram 256GB Storage - International Version - (Green)",4.3,162,Cell Phones & Accessories,Cell Phones,Motorola,262,-0.2,https://m.media-amazon.com/images/I/51jEUCE7e0L._AC_.jpg,,,
"Alcatel 1 (16GB) 5.0"" Full View Display, Removable Battery, FM Radio, Dual SIM GSM Unlocked US & Global 4G LTE International Version 5033E (Bluish Black)",3.6,2292,Cell Phones & Accessories,Cell Phones,Alcatel,54,,https://m.media-amazon.com/images/I/81wN2woIouL._AC_SX679_.jpg,,,
"SAMSUNG Galaxy S23 Ultra 5G, US Version, 512GB, Lavender - Unlocked (Renewed)",4.2,1046,Cell Phones & Accessories,Cell Phones,SAMSUNG,178,,https://m.media-amazon.com/images/I/517mLWWU8XL._AC_SX679_.jpg,,,
"OUKITEL WP300 5G Rugged Smartphone Unlocked Android 15-36GB+512GB/2TB Rugged Phone, 6.8''FHD+ Display 108MP Rear Camera 16000mAh(45W) Battery Waterproof Cell Phones, IP68/IP69K/NFC/WiFi6",5,6,Cell Phones & Accessories,Cell Phones,OUKITEL,429,-0.14,https://m.media-amazon.com/images/I/91uvIOl13ZL._AC_SX679_.jpg,,,
"Samsung Galaxy Z Flip7 Cell Phone, 256GB AI Smartphone, Unlocked Android, Long Battery Life, 2025, US 1 Yr Manufacturer Warranty, Blue Shadow",4.6,106,Cell Phones & Accessories,Cell Phones,Samsung,949,-0.14,https://m.media-amazon.com/images/I/61t-h3yf0CL._AC_SX679_.jpg,,,
"DOOGEE Note 58 Android 15 Unlocked Cellphone,32GB+128GB/2TB Expand Cell Phone with 6.75"" HD+ Waterdrop Screen, 6250mah Battery,4G Dual Sim Unlocked Smartphone,Widevine L1/NFC/OTG/Face Unlock, Black",4.1,556,Cell Phones & Accessories,Cell Phones,DOOGEE,115,-0.23,https://m.media-amazon.com/images/I/71sDOyul7lL._AC_SX679_.jpg,,,
"Xiaomi 14T Pro Ai 5G (512GB+12GB) Nfc Global Unlocked Worldwide (Tmobile Mint Tello Global) 50MP Triple Pro Leica Camera 6.67"" 144Mhz (Titan Blue)",4.5,117,Cell Phones & Accessories,Cell Phones,XIAOMI,615,,https://m.media-amazon.com/images/I/71PeWsSg4oL._AC_SX522_.jpg,,,
"DOOGEE Blade GT Play 5G Rugged Smartphone Unlocked with RGB LED Light Effect,Rugged Phone 6.72"" FHD+ 120Hz,6nm D7025 CPU,20GB+256GB, 10.5 mm Ultra-Thin Gaming Phones,5800mAh/50MP AI Camera/NFC",4.7,34,Cell Phones & Accessories,Cell Phones,DOOGEE,259,-0.32,https://m.media-amazon.com/images/I/81X1dQjyO-L._AC_SX679_.jpg,,,
Google Pixel 8 Pro - Unlocked Android Smartphone with Telephoto Lens and Super Actua Display - 24-Hour Battery - Obsidian - 256 GB (Renewed),4,804,Cell Phones & Accessories,Cell Phones,Google,106,,https://m.media-amazon.com/images/I/61aRO4jJM0L._AC_SX679_.jpg,,,
"SAMSUNG Galaxy A35 5G A Series Cell Phone, 128GB Unlocked Android Smartphone, AMOLED Display, Advanced Triple Camera System, Expandable Storage, Rugged Design,US Version, 2024, Awesome Navy (Renewed)",4,65,Cell Phones & Accessories,Cell Phones,SAMSUNG,374,,https://m.media-amazon.com/images/I/61R5WdNY8LL._AC_SX522_.jpg,,,
"DOOGEE S200 Rugged Smartphone 5G Unlocked, 256GB+32GB RAM Rugged Phone with 1.32"" Rear Screen, 10100mAh Battery,6.58"" FHD+ 120Hz Display,100MP + 20MP Night Vision Camera,Dual SIM Waterproof Cell Phone",5,5,Cell Phones & Accessories,Cell Phones,DOOGEE,349,-0.19,https://m.media-amazon.com/images/I/81hivrvL8xL._AC_SX679_.jpg,,,
"SAMSUNG Galaxy S25+ Cell Phone, 256GB AI Smartphone, Unlocked Android, AI Camera, Fast Processor, ProScaler Display, Long Battery Life, 2025, Navy (Renewed)",4.2,32,Cell Phones & Accessories,Cell Phones,SAMSUNG,719,,https://m.media-amazon.com/images/I/61YvMOsT47L._AC_SX679_.jpg,,,
"Apple iPhone 12 Mini 5G, US Version, 128GB, Blue - Unlocked (Renewed)",4,15489,Cell Phones & Accessories,Cell Phones,Apple,14,,https://m.media-amazon.com/images/I/51rmJraBt9L._AC_SX679_.jpg,,,
"DOOGEE S Punk Pro(2025) Rugged Phone,20GB+512GB Android 14 Rugged Cell Phone with 128dB Loudest Speaker,6.6 FHD+ IPS 90Hz,10800mAh Rugged Smartphone,50MP AI Camera,Waterproof Phone,Face Unlock/NFC",4.1,60,Cell Phones & Accessories,Cell Phones,DOOGEE,219,-0.29,https://m.media-amazon.com/images/I/81Z5dvK1IlL._AC_SX679_.jpg,,,
"Apple iPhone 12 Mini 5G, US Version, 128GB, Blue - Unlocked (Renewed)",4,15489,Cell Phones & Accessories,Cell Phones,Apple,14,,https://m.media-amazon.com/images/I/51rmJraBt9L._AC_SX679_.jpg,,,
"Ulefone Note 21 Cell Phone 2025 Android 14 8GB + 128GB/1TB SD, Octa Core 6.56"" HD+ 2.5D 90Hz, 13P + 8MP Camera 5000mAh Smartphone, 4G Dual SIM Fingerprint + Face ID GPS OTG Phones Unlocked- Black",3.9,34,Cell Phones & Accessories,Cell Phones,Ulefone,89,,https://m.media-amazon.com/images/I/712LUcUBJCL._AC_SX679_.jpg,,,
"DOOGEE S Punk Pro(2025) Rugged Phone,20GB+512GB Android 14 Rugged Cell Phone with 128dB Loudest Speaker,6.6 FHD+ IPS 90Hz,10800mAh Rugged Smartphone,50MP AI Camera,Waterproof Phone,Face Unlock/NFC",4.1,60,Cell Phones & Accessories,Cell Phones,DOOGEE,219,-0.29,https://m.media-amazon.com/images/I/81Z5dvK1IlL._AC_SX679_.jpg,,,
"SAMSUNG Galaxy S25+ Cell Phone, 256GB AI Smartphone, Unlocked Android, AI Camera, Fast Processor, ProScaler Display, Long Battery Life, 2025, Navy (Renewed)",4.2,32,Cell Phones & Accessories,Cell Phones,SAMSUNG,199,,https://m.media-amazon.com/images/I/61YvMOsT47L._AC_SX679_.jpg,,,
